661, Sully Bannester, Age:, 63, National code:, 9221000816, Address:, 0146 Maurice Ramp- Suite 322- 91284- Lake Vilma- Illinois- United States
829, Sully Jacob, Age:, 36, National code:, 8435994092, Address:, 133 Vergie Forges- Apt. 467- 98110-5317- Hegmanntown- Illinois- United States

773, Penn Swarbrick, Age:, 63, National code:, 4040520208, Address:, 32612 Romaguera Ville- Suite 629- 93439- East Mireya- Illinois- United States
780, Penn Hallward, Age:, 61, National code:, 2427392129, Address:, 687 Bo Garden- Suite 719- 36133- Lake Lurahaven- Illinois- United States

661, Sully Bannester, Age:, 63, National code:, 9221000816, Address:, 0146 Maurice Ramp- Suite 322- 91284- Lake Vilma- Illinois- United States
829, Sully Jacob, Age:, 36, National code:, 8435994092, Address:, 133 Vergie Forges- Apt. 467- 98110-5317- Hegmanntown- Illinois- United States

773, Penn Swarbrick, Age:, 63, National code:, 4040520208, Address:, 32612 Romaguera Ville- Suite 629- 93439- East Mireya- Illinois- United States
780, Penn Hallward, Age:, 61, National code:, 2427392129, Address:, 687 Bo Garden- Suite 719- 36133- Lake Lurahaven- Illinois- United States

661, Sully Bannester, Age:, 63, National code:, 9221000816, Address:, 0146 Maurice Ramp- Suite 322- 91284- Lake Vilma- Illinois- United States
829, Sully Jacob, Age:, 36, National code:, 8435994092, Address:, 133 Vergie Forges- Apt. 467- 98110-5317- Hegmanntown- Illinois- United States

773, Penn Swarbrick, Age:, 63, National code:, 4040520208, Address:, 32612 Romaguera Ville- Suite 629- 93439- East Mireya- Illinois- United States
780, Penn Hallward, Age:, 61, National code:, 2427392129, Address:, 687 Bo Garden- Suite 719- 36133- Lake Lurahaven- Illinois- United States

661, Sully Bannester, Age:, 63, National code:, 9221000816, Address:, 0146 Maurice Ramp- Suite 322- 91284- Lake Vilma- Illinois- United States
829, Sully Jacob, Age:, 36, National code:, 8435994092, Address:, 133 Vergie Forges- Apt. 467- 98110-5317- Hegmanntown- Illinois- United States

773, Penn Swarbrick, Age:, 63, National code:, 4040520208, Address:, 32612 Romaguera Ville- Suite 629- 93439- East Mireya- Illinois- United States
780, Penn Hallward, Age:, 61, National code:, 2427392129, Address:, 687 Bo Garden- Suite 719- 36133- Lake Lurahaven- Illinois- United States

661, Sully Bannester, Age:, 63, National code:, 9221000816, Address:, 0146 Maurice Ramp- Suite 322- 91284- Lake Vilma- Illinois- United States
829, Sully Jacob, Age:, 36, National code:, 8435994092, Address:, 133 Vergie Forges- Apt. 467- 98110-5317- Hegmanntown- Illinois- United States

773, Penn Swarbrick, Age:, 63, National code:, 4040520208, Address:, 32612 Romaguera Ville- Suite 629- 93439- East Mireya- Illinois- United States
780, Penn Hallward, Age:, 61, National code:, 2427392129, Address:, 687 Bo Garden- Suite 719- 36133- Lake Lurahaven- Illinois- United States

661, Sully Bannester, Age:, 63, National code:, 9221000816, Address:, 0146 Maurice Ramp- Suite 322- 91284- Lake Vilma- Illinois- United States
829, Sully Jacob, Age:, 36, National code:, 8435994092, Address:, 133 Vergie Forges- Apt. 467- 98110-5317- Hegmanntown- Illinois- United States

773, Penn Swarbrick, Age:, 63, National code:, 4040520208, Address:, 32612 Romaguera Ville- Suite 629- 93439- East Mireya- Illinois- United States
780, Penn Hallward, Age:, 61, National code:, 2427392129, Address:, 687 Bo Garden- Suite 719- 36133- Lake Lurahaven- Illinois- United States

